{"TagMyBook.csv": {"SVM (linear)": {"precision": 0.7818387721353911, "accuracy": 0.7738985489623865, "recall": 0.7738985489623865, "micro f1": 0.7738985489623865, "macro f1": 0.7184097467598901}, "SVM (sigmoid)": {"precision": 0.7865309868265863, "accuracy": 0.7686952821011673, "recall": 0.7686952821011673, "micro f1": 0.7686952821011673, "macro f1": 0.7256363589433136}, "SVM (poly)": {"precision": 0.7813622114592694, "accuracy": 0.7738985489623865, "recall": 0.7738985489623865, "micro f1": 0.7738985489623865, "macro f1": 0.7176585772406779}, "SVM (rbf)": {"precision": 0.7344105879220159, "accuracy": 0.6907121433203631, "recall": 0.6907121433203631, "micro f1": 0.6907121433203631, "macro f1": 0.5671395830375543}, "NB (gaussiano)": {"precision": 0.6205265214142658, "accuracy": 0.5029208211738002, "recall": 0.5029208211738002, "micro f1": 0.5029208211738002, "macro f1": 0.2865644256641214}, "NB (Multinomial)": {"precision": 0.7520174767575035, "accuracy": 0.5438427164396887, "recall": 0.5438427164396887, "micro f1": 0.5438427164396887, "macro f1": 0.2593028907041632}, "NB (complemental)": {"precision": 0.7432428963718785, "accuracy": 0.7615490231841764, "recall": 0.7615490231841764, "micro f1": 0.7615490231841764, "macro f1": 0.6517351484038493}, "KNN": {"precision": 0.6351137714372456, "accuracy": 0.6328758309014267, "recall": 0.6328758309014267, "micro f1": 0.6328758309014267, "macro f1": 0.5515496819205247}, "Random Forest": {"precision": 0.727941433042231, "accuracy": 0.6829224424448768, "recall": 0.6829224424448768, "micro f1": 0.6829224424448768, "macro f1": 0.5272211532935186}}, "Book Genre Prediction.csv": {"SVM (linear)": {"precision": 0.7116470010871799, "accuracy": 0.7058220776004281, "recall": 0.7058220776004281, "micro f1": 0.7058220776004281, "macro f1": 0.6764893488654516}, "SVM (sigmoid)": {"precision": 0.7175328344819598, "accuracy": 0.7088283976170575, "recall": 0.7088283976170575, "micro f1": 0.7088283976170575, "macro f1": 0.695015409682198}, "SVM (poly)": {"precision": 0.7114048626082217, "accuracy": 0.7056075773859279, "recall": 0.7056075773859279, "micro f1": 0.7056075773859279, "macro f1": 0.6763455744160254}, "SVM (rbf)": {"precision": 0.6883376116754665, "accuracy": 0.6723227277350988, "recall": 0.6723227277350988, "micro f1": 0.6723227277350988, "macro f1": 0.5583151948443971}, "NB (gaussiano)": {"precision": 0.46404242664334144, "accuracy": 0.46703855917773446, "recall": 0.46703855917773446, "micro f1": 0.46703855917773446, "macro f1": 0.3304065795326248}, "NB (Multinomial)": {"precision": 0.7368280930308568, "accuracy": 0.5533610746239611, "recall": 0.5533610746239611, "micro f1": 0.5533610746239611, "macro f1": 0.3185314342390261}, "NB (complemental)": {"precision": 0.7015751705215768, "accuracy": 0.7053925243358233, "recall": 0.7053925243358233, "micro f1": 0.7053925243358234, "macro f1": 0.6342756440786339}, "KNN": {"precision": 0.5474371524931351, "accuracy": 0.4726244101244102, "recall": 0.4726244101244102, "micro f1": 0.4726244101244102, "macro f1": 0.4129304739932739}, "Random Forest": {"precision": 0.6111387022740824, "accuracy": 0.6012438248262991, "recall": 0.6012438248262991, "micro f1": 0.6012438248262991, "macro f1": 0.47840950764207113}}}